{"redovna":[{"dan":"0","semestar":"Zimski","pocetak":"11:15","kraj":"12:00","naziv":"A1","predavac":"Ban Kulin"},{"dan":"1","semestar":"Zimski","pocetak":"09:15","kraj":"16:15","naziv":"A1","predavac":"Ban Kulin"},{"dan":"2","semestar":"Zimski","pocetak":"09:15","kraj":"12:15","naziv":"A2","predavac":"Ban Kulin"},{"dan":"3","semestar":"Zimski","pocetak":"13:15","kraj":"17:15","naziv":"A2","predavac":"Ban Kulin"},{"dan":2,"semestar":"zimski","pocetak":"09:00","kraj":"12:00","naziv":"A1","predavac":""},{"dan":1,"semestar":"ljetni","pocetak":"09:00","kraj":"12:00","naziv":"EE2","predavac":""}],"vanredna":[{"datum":"23.12.2019","pocetak":"09:15","kraj":"17:15","naziv":"A1","predavac":"Ban Kulin"},{"datum":"25.12.2019","pocetak":"09:15","kraj":"17:15","naziv":"A2","predavac":"Ban Kulin"},{"datum":"26.12.2019","pocetak":"09:15","kraj":"17:15","naziv":"A1","predavac":"Ban Kulin"},{"datum":"12.01.2020","pocetak":"13:15","kraj":"17:15","naziv":"A1","predavac":"Ban Kulin"},{"datum":"31.12.2019","pocetak":"13:15","kraj":"17:15","naziv":"A1","predavac":"Ban Kulin"},{"datum":"23.01.2020","pocetak":"09:15","kraj":"17:15","naziv":"A1","predavac":"Ban Kulin"},{"datum":"24.01.2020","pocetak":"09:15","kraj":"17:15","naziv":"A2","predavac":"Ban Kulin"},{"datum":"1.12.2019","pocetak":"09:00","kraj":"12:00","naziv":"A1","predavac":""},{"datum":"8.12.2019","pocetak":"09:00","kraj":"12:00","naziv":"A1","predavac":""},{"datum":"1.12.2019","pocetak":"09:00","kraj":"12:00","naziv":"EE2","predavac":""},{"datum":"6.12.2019","pocetak":"09:00","kraj":"12:00","naziv":"A1","predavac":""},{"datum":"13.12.2019","pocetak":"09:00","kraj":"12:00","naziv":"A1","predavac":""},{"datum":"20.12.2019","pocetak":"09:00","kraj":"12:00","naziv":"A1","predavac":""},{"datum":"31.8.2019","pocetak":"09:00","kraj":"12:00","naziv":"A1","predavac":""},{"datum":"12.6.2019","pocetak":"09:00","kraj":"12:00","naziv":"A1","predavac":""}]}