{"periodicna":[{"dan":0,"semestar":"zimski","pocetak":"10:00","kraj":"11:00","naziv":"1-02","predavac":"Irfan"},{"dan":4,"semestar":"zimski","pocetak":"10:00","kraj":"11:00","naziv":"1-02","predavac":"Irfan"},{"dan":0,"semestar":"ljetni","pocetak":"10:00","kraj":"11:00","naziv":"1-02","predavac":"Irfan"},{"dan":2,"semestar":"zimski","pocetak":"09:00","kraj":"12:00","naziv":"0-01","predavac":"Irfan"},{"dan":1,"semestar":"ljetni","pocetak":"09:00","kraj":"12:00","naziv":"0-01","predavac":"Irfan"},{"dan":6,"semestar":"zimski","pocetak":"12:00","kraj":"15:00","naziv":"VA1","predavac":"Irfan"},{"dan":6,"semestar":"zimski","pocetak":"12:00","kraj":"15:00","naziv":"VA1","predavac":"Irfan"},{"dan":2,"semestar":"zimski","pocetak":"09:00","kraj":"12:00","naziv":"0-01","predavac":"Irfan"},{"dan":6,"semestar":"ljetni","pocetak":"09:00","kraj":"12:00","naziv":"0-01","predavac":"Irfan"},{"dan":3,"semestar":"ljetni","pocetak":"15:00","kraj":"17:00","naziv":"0-09","predavac":"Irfan"},{"dan":4,"semestar":"zimski","pocetak":"15:00","kraj":"17:00","naziv":"0-09","predavac":"Irfan"},{"dan":2,"semestar":"zimski","pocetak":"15:00","kraj":"17:00","naziv":"1-04","predavac":"Irfan"},{"dan":0,"semestar":"zimski","pocetak":"12:00","kraj":"14:00","naziv":"1-05","predavac":"Irfan"}],"vanredna":[{"datum":"18.11.2019","pocetak":"10:00","kraj":"11:00","naziv":"1-02","predavac":"Irfan"},{"datum":"27.11.2019","pocetak":"10:00","kraj":"11:00","naziv":"1-02","predavac":"Irfan"},{"datum":"27.10.2019","pocetak":"10:00","kraj":"11:00","naziv":"1-02","predavac":"Irfan"},{"datum":"25.12.2019","pocetak":"10:00","kraj":"11:00","naziv":"1-02","predavac":"Irfan"},{"datum":"17.10.2019","pocetak":"09:00","kraj":"12:00","naziv":"1-02","predavac":"Irfan"},{"datum":"10.10.2019","pocetak":"12:00","kraj":"15:00","naziv":"0-01","predavac":"Irfan"},{"datum":"02.11.2019","pocetak":"09:00","kraj":"12:00","naziv":"0-01","predavac":"Irfan"},{"datum":"27.04.2019","pocetak":"12:00","kraj":"15:00","naziv":"0-02","predavac":"Irfan"},{"datum":"23.03.2019","pocetak":"09:00","kraj":"12:00","naziv":"0-01","predavac":"Irfan"},{"datum":"12.10.2019","pocetak":"12:00","kraj":"15:00","naziv":"VA1","predavac":"Irfan"},{"datum":"22.10.2019","pocetak":"12:00","kraj":"15:00","naziv":"VA1","predavac":"Irfan"},{"datum":"08.10.2019","pocetak":"12:00","kraj":"15:00","naziv":"VA1","predavac":"Irfan"},{"datum":"12.11.2019","pocetak":"12:00","kraj":"15:00","naziv":"VA1","predavac":"Irfan"},{"datum":"19.11.2019","pocetak":"12:00","kraj":"15:00","naziv":"VA1","predavac":"Irfan"},{"datum":"02.11.2019","pocetak":"09:00","kraj":"12:00","naziv":"0-01","predavac":"Irfan"},{"datum":"06.11.2019","pocetak":"09:00","kraj":"12:00","naziv":"0-01","predavac":"Irfan"},{"datum":"02.11.2019","pocetak":"09:00","kraj":"23:00","naziv":"0-01","predavac":"Irfan"}]}