{
  "periodicna": [
    {
      "dan": 3,
      "semestar": "zimski",
      "naziv": "0-02",
      "pocetak": "08:00",
      "kraj": "22:00",
      "predavac": "Predavac"
    }
  ],
  "vanredna": [
    {
      "naziv": "0-02",
      "datum": "1.12.2019",
      "pocetak": "08:00",
      "kraj": "22:00",
      "predavac": "Predavac"
    },
    {
      "naziv": "0-02",
      "datum": "12.12.2019",
      "pocetak": "08:00",
      "kraj": "22:00",
      "predavac": "Predavac"
    },
    {
      "naziv": "0-02",
      "datum": "27.12.2019",
      "pocetak": "08:00",
      "kraj": "22:00",
      "predavac": "Predavac"
    },
    {
      "naziv": "0-02",
      "datum": "7.12.2019",
      "pocetak": "08:00",
      "kraj": "22:00",
      "predavac": "Predavac"
    },
    {
      "naziv": "0-02",
      "datum": "16.12.2019",
      "pocetak": "08:00",
      "kraj": "22:00",
      "predavac": "Predavac"
    },
    {
      "naziv": "0-02",
      "datum": "31.12.2019",
      "pocetak": "08:00",
      "kraj": "22:00",
      "predavac": "Predavac"
    },
    {
      "naziv": "0-02",
      "datum": "15.12.2019",
      "pocetak": "08:00",
      "kraj": "22:00",
      "predavac": "Predavac"
    }
  ]
}