{
  "testId" : "1-pocetna.gspec",
  "name" : "pocetna.gspec",
  "report" : {
    "nodes" : [ {
      "name" : "Simple check",
      "status" : "info",
      "nodes" : [ {
        "name" : "check  pocetna.gspec --url C:/Users/dino/Desktop/WT%20SPIRALA%20%20pokusaj2/pocetna.html --size 1300x800 --htmlreport reports",
        "status" : "info",
        "nodes" : [ {
          "name" : "Check layout: pocetna.gspec included tags: ",
          "status" : "info",
          "time" : 1573671187828,
          "sections" : [ {
            "name" : "Meni",
            "place" : {
              "filePath" : "pocetna.gspec",
              "lineNumber" : 8
            },
            "objects" : [ {
              "name" : "header",
              "specs" : [ {
                "status" : "info",
                "place" : {
                  "filePath" : "pocetna.gspec",
                  "lineNumber" : 10
                },
                "name" : "contains meni",
                "highlight" : [ "header", "meni" ]
              } ]
            } ]
          }, {
            "name" : "Logo",
            "place" : {
              "filePath" : "pocetna.gspec",
              "lineNumber" : 12
            },
            "objects" : [ {
              "name" : "logo",
              "specs" : [ {
                "status" : "info",
                "place" : {
                  "filePath" : "pocetna.gspec",
                  "lineNumber" : 14
                },
                "name" : "centered horizontally on header",
                "highlight" : [ "logo", "header" ]
              } ]
            } ]
          }, {
            "name" : "Main",
            "place" : {
              "filePath" : "pocetna.gspec",
              "lineNumber" : 16
            },
            "objects" : [ {
              "name" : "global",
              "specs" : [ {
                "status" : "info",
                "place" : {
                  "filePath" : "pocetna.gspec",
                  "lineNumber" : 18
                },
                "name" : "count any slika-* is 10",
                "highlight" : [ "slika-8", "slika-7", "slika-9", "slika-10", "slika-2", "slika-1", "slika-4", "slika-3", "slika-6", "slika-5" ]
              } ]
            } ]
          }, {
            "name" : "Slika",
            "place" : {
              "filePath" : "pocetna.gspec",
              "lineNumber" : 20
            },
            "objects" : [ {
              "name" : "slika-1",
              "specs" : [ {
                "status" : "info",
                "place" : {
                  "filePath" : "pocetna.gspec",
                  "lineNumber" : 22
                },
                "name" : "left-of slika-2",
                "meta" : [ {
                  "from" : {
                    "object" : "slika-1",
                    "edge" : "right"
                  },
                  "to" : {
                    "object" : "slika-2",
                    "edge" : "left"
                  },
                  "expectedDistance" : ">= 0px",
                  "realDistance" : "15px"
                } ],
                "highlight" : [ "slika-1", "slika-2" ]
              }, {
                "status" : "info",
                "place" : {
                  "filePath" : "pocetna.gspec",
                  "lineNumber" : 23
                },
                "name" : "aligned horizontally all slika-2",
                "highlight" : [ "slika-1", "slika-2" ]
              }, {
                "status" : "info",
                "place" : {
                  "filePath" : "pocetna.gspec",
                  "lineNumber" : 24
                },
                "name" : "aligned horizontally all slika-3",
                "highlight" : [ "slika-1", "slika-3" ]
              }, {
                "status" : "info",
                "place" : {
                  "filePath" : "pocetna.gspec",
                  "lineNumber" : 25
                },
                "name" : "aligned vertically all slika-4",
                "highlight" : [ "slika-1", "slika-4" ]
              }, {
                "status" : "info",
                "place" : {
                  "filePath" : "pocetna.gspec",
                  "lineNumber" : 26
                },
                "name" : "aligned vertically all slika-7",
                "highlight" : [ "slika-1", "slika-7" ]
              }, {
                "status" : "info",
                "place" : {
                  "filePath" : "pocetna.gspec",
                  "lineNumber" : 27
                },
                "name" : "aligned vertically all slika-10",
                "highlight" : [ "slika-1", "slika-10" ]
              } ]
            }, {
              "name" : "slika-2",
              "specs" : [ {
                "status" : "info",
                "place" : {
                  "filePath" : "pocetna.gspec",
                  "lineNumber" : 29
                },
                "name" : "left-of slika-3",
                "meta" : [ {
                  "from" : {
                    "object" : "slika-2",
                    "edge" : "right"
                  },
                  "to" : {
                    "object" : "slika-3",
                    "edge" : "left"
                  },
                  "expectedDistance" : ">= 0px",
                  "realDistance" : "14px"
                } ],
                "highlight" : [ "slika-2", "slika-3" ]
              }, {
                "status" : "info",
                "place" : {
                  "filePath" : "pocetna.gspec",
                  "lineNumber" : 30
                },
                "name" : "aligned horizontally all slika-3",
                "highlight" : [ "slika-2", "slika-3" ]
              }, {
                "status" : "info",
                "place" : {
                  "filePath" : "pocetna.gspec",
                  "lineNumber" : 31
                },
                "name" : "aligned vertically all slika-5",
                "highlight" : [ "slika-2", "slika-5" ]
              }, {
                "status" : "info",
                "place" : {
                  "filePath" : "pocetna.gspec",
                  "lineNumber" : 32
                },
                "name" : "aligned vertically all slika-8",
                "highlight" : [ "slika-2", "slika-8" ]
              } ]
            }, {
              "name" : "slika-3",
              "specs" : [ {
                "status" : "info",
                "place" : {
                  "filePath" : "pocetna.gspec",
                  "lineNumber" : 34
                },
                "name" : "aligned vertically all slika-6",
                "highlight" : [ "slika-3", "slika-6" ]
              }, {
                "status" : "info",
                "place" : {
                  "filePath" : "pocetna.gspec",
                  "lineNumber" : 35
                },
                "name" : "aligned vertically all slika-9",
                "highlight" : [ "slika-3", "slika-9" ]
              } ]
            } ]
          } ],
          "objects" : {
            "meni" : {
              "area" : [ 0, 147, 279, 28 ]
            },
            "slika-8" : {
              "area" : [ 427, 718, 413, 254 ]
            },
            "slika-7" : {
              "area" : [ 0, 718, 412, 254 ]
            },
            "slika-9" : {
              "area" : [ 854, 718, 412, 254 ]
            },
            "slika-10" : {
              "area" : [ 0, 987, 412, 254 ]
            },
            "header" : {
              "area" : [ 0, 70, 1267, 105 ]
            },
            "logo" : {
              "area" : [ 0, 175, 1267, 0 ]
            },
            "slika-2" : {
              "area" : [ 427, 180, 413, 254 ]
            },
            "slika-1" : {
              "area" : [ 0, 180, 412, 254 ]
            },
            "slika-4" : {
              "area" : [ 0, 449, 412, 254 ]
            },
            "slika-3" : {
              "area" : [ 854, 180, 412, 254 ]
            },
            "slika-6" : {
              "area" : [ 854, 449, 412, 254 ]
            },
            "slika-5" : {
              "area" : [ 427, 449, 413, 254 ]
            }
          },
          "screenshot" : "layout-1-screenshot.png",
          "type" : "layout"
        } ],
        "time" : 1573671181770,
        "type" : "node"
      } ],
      "time" : 1573671148208,
      "type" : "node"
    } ]
  }
}