{
  "testId" : "1-sale.gspec",
  "name" : "sale.gspec",
  "report" : {
    "nodes" : [ {
      "name" : "Simple check",
      "status" : "info",
      "nodes" : [ {
        "name" : "check  sale.gspec --url C:/Users/dino/Desktop/WT%20SPIRALA%20%20pokusaj2/sale.html --size 1300x800 --htmlreport reports",
        "status" : "info",
        "nodes" : [ {
          "name" : "Check layout: sale.gspec included tags: ",
          "status" : "info",
          "time" : 1573672500299,
          "sections" : [ {
            "name" : "Meni",
            "place" : {
              "filePath" : "sale.gspec",
              "lineNumber" : 10
            },
            "objects" : [ {
              "name" : "header",
              "specs" : [ {
                "status" : "info",
                "place" : {
                  "filePath" : "sale.gspec",
                  "lineNumber" : 12
                },
                "name" : "contains meni",
                "highlight" : [ "header", "meni" ]
              } ]
            } ]
          }, {
            "name" : "Logo",
            "place" : {
              "filePath" : "sale.gspec",
              "lineNumber" : 14
            },
            "objects" : [ {
              "name" : "logo",
              "specs" : [ {
                "status" : "info",
                "place" : {
                  "filePath" : "sale.gspec",
                  "lineNumber" : 16
                },
                "name" : "centered horizontally on header",
                "highlight" : [ "logo", "header" ]
              } ]
            } ]
          }, {
            "name" : "Sprat",
            "place" : {
              "filePath" : "sale.gspec",
              "lineNumber" : 18
            },
            "objects" : [ {
              "name" : "headerSprat-1",
              "specs" : [ {
                "status" : "info",
                "place" : {
                  "filePath" : "sale.gspec",
                  "lineNumber" : 20
                },
                "name" : "visible",
                "highlight" : [ "headerSprat-1" ]
              } ]
            }, {
              "name" : "headerSprat-2",
              "specs" : [ {
                "status" : "info",
                "place" : {
                  "filePath" : "sale.gspec",
                  "lineNumber" : 20
                },
                "name" : "visible",
                "highlight" : [ "headerSprat-2" ]
              } ]
            }, {
              "name" : "headerSprat-3",
              "specs" : [ {
                "status" : "info",
                "place" : {
                  "filePath" : "sale.gspec",
                  "lineNumber" : 20
                },
                "name" : "visible",
                "highlight" : [ "headerSprat-3" ]
              } ]
            }, {
              "name" : "headerSprat-4",
              "specs" : [ {
                "status" : "info",
                "place" : {
                  "filePath" : "sale.gspec",
                  "lineNumber" : 20
                },
                "name" : "visible",
                "highlight" : [ "headerSprat-4" ]
              } ]
            }, {
              "name" : "headerSprat-5",
              "specs" : [ {
                "status" : "info",
                "place" : {
                  "filePath" : "sale.gspec",
                  "lineNumber" : 20
                },
                "name" : "visible",
                "highlight" : [ "headerSprat-5" ]
              } ]
            }, {
              "name" : "headerSprat-6",
              "specs" : [ {
                "status" : "info",
                "place" : {
                  "filePath" : "sale.gspec",
                  "lineNumber" : 20
                },
                "name" : "visible",
                "highlight" : [ "headerSprat-6" ]
              } ]
            } ]
          }, {
            "name" : "Red",
            "place" : {
              "filePath" : "sale.gspec",
              "lineNumber" : 22
            },
            "objects" : [ {
              "name" : "headerRed-1",
              "specs" : [ {
                "status" : "info",
                "place" : {
                  "filePath" : "sale.gspec",
                  "lineNumber" : 24
                },
                "name" : "visible",
                "highlight" : [ "headerRed-1" ]
              } ]
            }, {
              "name" : "headerRed-2",
              "specs" : [ {
                "status" : "info",
                "place" : {
                  "filePath" : "sale.gspec",
                  "lineNumber" : 24
                },
                "name" : "visible",
                "highlight" : [ "headerRed-2" ]
              } ]
            }, {
              "name" : "headerRed-3",
              "specs" : [ {
                "status" : "info",
                "place" : {
                  "filePath" : "sale.gspec",
                  "lineNumber" : 24
                },
                "name" : "visible",
                "highlight" : [ "headerRed-3" ]
              } ]
            }, {
              "name" : "headerRed-4",
              "specs" : [ {
                "status" : "info",
                "place" : {
                  "filePath" : "sale.gspec",
                  "lineNumber" : 24
                },
                "name" : "visible",
                "highlight" : [ "headerRed-4" ]
              } ]
            }, {
              "name" : "headerRed-5",
              "specs" : [ {
                "status" : "info",
                "place" : {
                  "filePath" : "sale.gspec",
                  "lineNumber" : 24
                },
                "name" : "visible",
                "highlight" : [ "headerRed-5" ]
              } ]
            }, {
              "name" : "headerRed-6",
              "specs" : [ {
                "status" : "info",
                "place" : {
                  "filePath" : "sale.gspec",
                  "lineNumber" : 24
                },
                "name" : "visible",
                "highlight" : [ "headerRed-6" ]
              } ]
            }, {
              "name" : "headerRed-7",
              "specs" : [ {
                "status" : "info",
                "place" : {
                  "filePath" : "sale.gspec",
                  "lineNumber" : 24
                },
                "name" : "visible",
                "highlight" : [ "headerRed-7" ]
              } ]
            }, {
              "name" : "headerRed-8",
              "specs" : [ {
                "status" : "info",
                "place" : {
                  "filePath" : "sale.gspec",
                  "lineNumber" : 24
                },
                "name" : "visible",
                "highlight" : [ "headerRed-8" ]
              } ]
            }, {
              "name" : "headerRed-9",
              "specs" : [ {
                "status" : "info",
                "place" : {
                  "filePath" : "sale.gspec",
                  "lineNumber" : 24
                },
                "name" : "visible",
                "highlight" : [ "headerRed-9" ]
              } ]
            }, {
              "name" : "headerRed-10",
              "specs" : [ {
                "status" : "info",
                "place" : {
                  "filePath" : "sale.gspec",
                  "lineNumber" : 24
                },
                "name" : "visible",
                "highlight" : [ "headerRed-10" ]
              } ]
            } ]
          }, {
            "name" : "Tabela",
            "place" : {
              "filePath" : "sale.gspec",
              "lineNumber" : 26
            },
            "objects" : [ {
              "name" : "tabela",
              "specs" : [ {
                "status" : "info",
                "place" : {
                  "filePath" : "sale.gspec",
                  "lineNumber" : 28
                },
                "name" : "centered horizontally inside sadrzaj",
                "highlight" : [ "tabela", "sadrzaj" ]
              } ]
            } ]
          } ],
          "objects" : {
            "meni" : {
              "area" : [ 0, 147, 279, 28 ]
            },
            "headerSprat-6" : {
              "area" : [ 717, 227, 50, 41 ]
            },
            "headerSprat-4" : {
              "area" : [ 647, 227, 35, 41 ]
            },
            "headerSprat-5" : {
              "area" : [ 682, 227, 35, 41 ]
            },
            "headerSprat-2" : {
              "area" : [ 577, 227, 35, 41 ]
            },
            "headerRed-9" : {
              "area" : [ 498, 479, 79, 30 ]
            },
            "headerSprat-3" : {
              "area" : [ 612, 227, 35, 41 ]
            },
            "sadrzaj" : {
              "area" : [ 0, 180, 1267, 700 ]
            },
            "tabela" : {
              "area" : [ 498, 185, 271, 356 ]
            },
            "headerRed-10" : {
              "area" : [ 498, 509, 79, 30 ]
            },
            "headerRed-7" : {
              "area" : [ 498, 419, 79, 30 ]
            },
            "header" : {
              "area" : [ 0, 70, 1267, 105 ]
            },
            "logo" : {
              "area" : [ 0, 175, 1267, 0 ]
            },
            "headerSprat-1" : {
              "area" : [ 577, 186, 190, 41 ]
            },
            "headerRed-8" : {
              "area" : [ 498, 449, 79, 30 ]
            },
            "headerRed-5" : {
              "area" : [ 498, 359, 79, 30 ]
            },
            "headerRed-6" : {
              "area" : [ 498, 389, 79, 30 ]
            },
            "headerRed-3" : {
              "area" : [ 498, 299, 79, 30 ]
            },
            "headerRed-4" : {
              "area" : [ 498, 329, 79, 30 ]
            },
            "headerRed-1" : {
              "area" : [ 498, 227, 79, 41 ]
            },
            "headerRed-2" : {
              "area" : [ 498, 268, 79, 31 ]
            }
          },
          "screenshot" : "layout-1-screenshot.png",
          "type" : "layout"
        } ],
        "time" : 1573672487680,
        "type" : "node"
      } ],
      "time" : 1573672473113,
      "type" : "node"
    } ]
  }
}