{
  "periodicna": [
    {
      "dan": 4,
      "semestar": "zimski",
      "pocetak": "09:00",
      "kraj": "10:30",
      "naziv": "0-01",
      "predavac": "Richard Feynman"
    },
    {
      "dan": 2,
      "semestar": "zimski",
      "pocetak": "14:00",
      "kraj": "15:00",
      "naziv": "0-02",
      "predavac": "Nikola Tesla"
    },
    {
      "dan": 1,
      "semestar": "ljetni",
      "pocetak": "15:00",
      "kraj": "17:00",
      "naziv": "VA1",
      "predavac": "Arhimed"
    },
    {
      "dan": 4,
      "semestar": "ljetni",
      "pocetak": "16:00",
      "kraj": "17:30",
      "naziv": "MA",
      "predavac": "Albert Einstein"
    }
  ],
  "vanredna": [
    {
      "datum": "23.11.2019",
      "pocetak": "09:00",
      "kraj": "12:00",
      "naziv": "0-01",
      "predavac": "Eustahije Brzić"
    },
    {
      "datum": "24.12.2019",
      "pocetak": "14:00",
      "kraj": "15:00",
      "naziv": "0-01",
      "predavac": "Janko Strižić"
    },
    {
      "datum": "18.10.2019",
      "pocetak": "17:00",
      "kraj": "17:45",
      "naziv": "EE1",
      "predavac": "Eustahije Brzić"
    }
  ]
}