{
  "testId" : "1-mobileunos.gspec",
  "name" : "mobileUnos.gspec",
  "report" : {
    "nodes" : [ {
      "name" : "Mutation test",
      "status" : "info",
      "nodes" : [ {
        "name" : "check  mobileUnos.gspec --url http://localhost/unos.html --size 480x800 --offset 5 --htmlreport izvjestaj.mobileUnos",
        "status" : "info",
        "nodes" : [ {
          "name" : "Check layout: mobileUnos.gspec included tags: ",
          "status" : "info",
          "time" : 1573609688802,
          "sections" : [ {
            "name" : "Meni section",
            "place" : {
              "filePath" : "mobileUnos.gspec",
              "lineNumber" : 10
            },
            "objects" : [ {
              "name" : "meni",
              "specs" : [ {
                "status" : "info",
                "place" : {
                  "filePath" : "mobileUnos.gspec",
                  "lineNumber" : 12
                },
                "name" : "centered horizontally inside viewport",
                "highlight" : [ "meni", "viewport" ]
              }, {
                "status" : "info",
                "place" : {
                  "filePath" : "mobileUnos.gspec",
                  "lineNumber" : 13
                },
                "name" : "height 155 to 158px",
                "meta" : [ {
                  "from" : {
                    "object" : "meni",
                    "edge" : "top"
                  },
                  "to" : {
                    "object" : "meni",
                    "edge" : "bottom"
                  },
                  "expectedDistance" : "155 to 158px",
                  "realDistance" : "157px"
                } ],
                "highlight" : [ "meni" ]
              }, {
                "status" : "info",
                "place" : {
                  "filePath" : "mobileUnos.gspec",
                  "lineNumber" : 14
                },
                "name" : "contains menu_item_1",
                "highlight" : [ "meni", "menu_item_1" ]
              }, {
                "status" : "info",
                "place" : {
                  "filePath" : "mobileUnos.gspec",
                  "lineNumber" : 15
                },
                "name" : "above sadrzaj 8 to 10px",
                "meta" : [ {
                  "from" : {
                    "object" : "meni",
                    "edge" : "bottom"
                  },
                  "to" : {
                    "object" : "sadrzaj",
                    "edge" : "top"
                  },
                  "expectedDistance" : "8 to 10px",
                  "realDistance" : "9px"
                } ],
                "highlight" : [ "meni", "sadrzaj" ]
              }, {
                "status" : "info",
                "place" : {
                  "filePath" : "mobileUnos.gspec",
                  "lineNumber" : 16
                },
                "name" : "width 95 to 99% of viewport/width",
                "meta" : [ {
                  "from" : {
                    "object" : "meni",
                    "edge" : "left"
                  },
                  "to" : {
                    "object" : "meni",
                    "edge" : "right"
                  },
                  "expectedDistance" : "95 to 99% [444 to 463px]",
                  "realDistance" : "96% [452px]"
                } ],
                "highlight" : [ "meni" ]
              } ]
            }, {
              "name" : "logo",
              "specs" : [ {
                "status" : "info",
                "place" : {
                  "filePath" : "mobileUnos.gspec",
                  "lineNumber" : 18
                },
                "name" : "centered horizontally inside viewport",
                "highlight" : [ "logo", "viewport" ]
              }, {
                "status" : "info",
                "place" : {
                  "filePath" : "mobileUnos.gspec",
                  "lineNumber" : 19
                },
                "name" : "inside partly meni 121px bottom",
                "meta" : [ {
                  "from" : {
                    "object" : "logo",
                    "edge" : "bottom"
                  },
                  "to" : {
                    "object" : "meni",
                    "edge" : "bottom"
                  },
                  "expectedDistance" : "121px",
                  "realDistance" : "121px"
                } ],
                "highlight" : [ "logo", "meni" ]
              }, {
                "status" : "info",
                "place" : {
                  "filePath" : "mobileUnos.gspec",
                  "lineNumber" : 20
                },
                "name" : "width 95 to 99% of viewport/width",
                "meta" : [ {
                  "from" : {
                    "object" : "logo",
                    "edge" : "left"
                  },
                  "to" : {
                    "object" : "logo",
                    "edge" : "right"
                  },
                  "expectedDistance" : "95 to 99% [444 to 463px]",
                  "realDistance" : "96% [450px]"
                } ],
                "highlight" : [ "logo" ]
              }, {
                "status" : "info",
                "place" : {
                  "filePath" : "mobileUnos.gspec",
                  "lineNumber" : 21
                },
                "name" : "height 68 to 74px",
                "meta" : [ {
                  "from" : {
                    "object" : "logo",
                    "edge" : "top"
                  },
                  "to" : {
                    "object" : "logo",
                    "edge" : "bottom"
                  },
                  "expectedDistance" : "68 to 74px",
                  "realDistance" : "70px"
                } ],
                "highlight" : [ "logo" ]
              } ]
            }, {
              "name" : "menu_item_1",
              "specs" : [ {
                "status" : "info",
                "place" : {
                  "filePath" : "mobileUnos.gspec",
                  "lineNumber" : 23
                },
                "name" : "near menu_item_2 -410px left",
                "meta" : [ {
                  "from" : {
                    "object" : "menu_item_1",
                    "edge" : "right"
                  },
                  "to" : {
                    "object" : "menu_item_2",
                    "edge" : "left"
                  },
                  "expectedDistance" : "-410px",
                  "realDistance" : "-410px"
                } ],
                "highlight" : [ "menu_item_1", "menu_item_2" ]
              }, {
                "status" : "info",
                "place" : {
                  "filePath" : "mobileUnos.gspec",
                  "lineNumber" : 24
                },
                "name" : "height 15 to 20px",
                "meta" : [ {
                  "from" : {
                    "object" : "menu_item_1",
                    "edge" : "top"
                  },
                  "to" : {
                    "object" : "menu_item_1",
                    "edge" : "bottom"
                  },
                  "expectedDistance" : "15 to 20px",
                  "realDistance" : "18px"
                } ],
                "highlight" : [ "menu_item_1" ]
              }, {
                "status" : "info",
                "place" : {
                  "filePath" : "mobileUnos.gspec",
                  "lineNumber" : 25
                },
                "name" : "inside ul 72px bottom",
                "meta" : [ {
                  "from" : {
                    "object" : "menu_item_1",
                    "edge" : "bottom"
                  },
                  "to" : {
                    "object" : "ul",
                    "edge" : "bottom"
                  },
                  "expectedDistance" : "72px",
                  "realDistance" : "72px"
                } ],
                "highlight" : [ "menu_item_1", "ul" ]
              } ]
            }, {
              "name" : "menu_item_2",
              "specs" : [ {
                "status" : "info",
                "place" : {
                  "filePath" : "mobileUnos.gspec",
                  "lineNumber" : 27
                },
                "name" : "inside ul 0px bottom",
                "meta" : [ {
                  "from" : {
                    "object" : "menu_item_2",
                    "edge" : "bottom"
                  },
                  "to" : {
                    "object" : "ul",
                    "edge" : "bottom"
                  },
                  "expectedDistance" : "0px",
                  "realDistance" : "0px"
                } ],
                "highlight" : [ "menu_item_2", "ul" ]
              }, {
                "status" : "info",
                "place" : {
                  "filePath" : "mobileUnos.gspec",
                  "lineNumber" : 28
                },
                "name" : "height 15 to 20px",
                "meta" : [ {
                  "from" : {
                    "object" : "menu_item_2",
                    "edge" : "top"
                  },
                  "to" : {
                    "object" : "menu_item_2",
                    "edge" : "bottom"
                  },
                  "expectedDistance" : "15 to 20px",
                  "realDistance" : "18px"
                } ],
                "highlight" : [ "menu_item_2" ]
              } ]
            }, {
              "name" : "ul",
              "specs" : [ {
                "status" : "info",
                "place" : {
                  "filePath" : "mobileUnos.gspec",
                  "lineNumber" : 30
                },
                "name" : "centered horizontally inside meni 1px",
                "highlight" : [ "ul", "meni" ]
              }, {
                "status" : "info",
                "place" : {
                  "filePath" : "mobileUnos.gspec",
                  "lineNumber" : 31
                },
                "name" : "inside meni",
                "meta" : [ ],
                "highlight" : [ "ul", "meni" ]
              }, {
                "status" : "info",
                "place" : {
                  "filePath" : "mobileUnos.gspec",
                  "lineNumber" : 32
                },
                "name" : "contains menu_item_1",
                "highlight" : [ "ul", "menu_item_1" ]
              }, {
                "status" : "info",
                "place" : {
                  "filePath" : "mobileUnos.gspec",
                  "lineNumber" : 33
                },
                "name" : "inside viewport 7 to 11px left",
                "meta" : [ {
                  "from" : {
                    "object" : "ul",
                    "edge" : "left"
                  },
                  "to" : {
                    "object" : "viewport",
                    "edge" : "left"
                  },
                  "expectedDistance" : "7 to 11px",
                  "realDistance" : "9px"
                } ],
                "highlight" : [ "ul", "viewport" ]
              }, {
                "status" : "info",
                "place" : {
                  "filePath" : "mobileUnos.gspec",
                  "lineNumber" : 34
                },
                "name" : "below logo",
                "meta" : [ {
                  "from" : {
                    "object" : "ul",
                    "edge" : "top"
                  },
                  "to" : {
                    "object" : "logo",
                    "edge" : "bottom"
                  },
                  "expectedDistance" : ">= 0px",
                  "realDistance" : "15px"
                } ],
                "highlight" : [ "ul", "logo" ]
              } ]
            } ]
          }, {
            "name" : "Main section",
            "place" : {
              "filePath" : "mobileUnos.gspec",
              "lineNumber" : 35
            },
            "objects" : [ {
              "name" : "sadrzaj",
              "specs" : [ {
                "status" : "info",
                "place" : {
                  "filePath" : "mobileUnos.gspec",
                  "lineNumber" : 37
                },
                "name" : "below logo",
                "meta" : [ {
                  "from" : {
                    "object" : "sadrzaj",
                    "edge" : "top"
                  },
                  "to" : {
                    "object" : "logo",
                    "edge" : "bottom"
                  },
                  "expectedDistance" : ">= 0px",
                  "realDistance" : "130px"
                } ],
                "highlight" : [ "sadrzaj", "logo" ]
              }, {
                "status" : "info",
                "place" : {
                  "filePath" : "mobileUnos.gspec",
                  "lineNumber" : 38
                },
                "name" : "width 95 to 99% of viewport/width",
                "meta" : [ {
                  "from" : {
                    "object" : "sadrzaj",
                    "edge" : "left"
                  },
                  "to" : {
                    "object" : "sadrzaj",
                    "edge" : "right"
                  },
                  "expectedDistance" : "95 to 99% [444 to 463px]",
                  "realDistance" : "96% [452px]"
                } ],
                "highlight" : [ "sadrzaj" ]
              }, {
                "status" : "info",
                "place" : {
                  "filePath" : "mobileUnos.gspec",
                  "lineNumber" : 39
                },
                "name" : "below meni",
                "meta" : [ {
                  "from" : {
                    "object" : "sadrzaj",
                    "edge" : "top"
                  },
                  "to" : {
                    "object" : "meni",
                    "edge" : "bottom"
                  },
                  "expectedDistance" : ">= 0px",
                  "realDistance" : "9px"
                } ],
                "highlight" : [ "sadrzaj", "meni" ]
              }, {
                "status" : "info",
                "place" : {
                  "filePath" : "mobileUnos.gspec",
                  "lineNumber" : 40
                },
                "name" : "contains forma",
                "highlight" : [ "sadrzaj", "forma" ]
              }, {
                "status" : "info",
                "place" : {
                  "filePath" : "mobileUnos.gspec",
                  "lineNumber" : 41
                },
                "name" : "centered horizontally inside viewport",
                "highlight" : [ "sadrzaj", "viewport" ]
              } ]
            }, {
              "name" : "forma",
              "specs" : [ {
                "status" : "info",
                "place" : {
                  "filePath" : "mobileUnos.gspec",
                  "lineNumber" : 43
                },
                "name" : "inside sadrzaj 156 to 160px left",
                "meta" : [ {
                  "from" : {
                    "object" : "forma",
                    "edge" : "left"
                  },
                  "to" : {
                    "object" : "sadrzaj",
                    "edge" : "left"
                  },
                  "expectedDistance" : "156 to 160px",
                  "realDistance" : "159px"
                } ],
                "highlight" : [ "forma", "sadrzaj" ]
              }, {
                "status" : "info",
                "place" : {
                  "filePath" : "mobileUnos.gspec",
                  "lineNumber" : 44
                },
                "name" : "inside sadrzaj 10 to 12px right",
                "meta" : [ {
                  "from" : {
                    "object" : "forma",
                    "edge" : "right"
                  },
                  "to" : {
                    "object" : "sadrzaj",
                    "edge" : "right"
                  },
                  "expectedDistance" : "10 to 12px",
                  "realDistance" : "11px"
                } ],
                "highlight" : [ "forma", "sadrzaj" ]
              }, {
                "status" : "info",
                "place" : {
                  "filePath" : "mobileUnos.gspec",
                  "lineNumber" : 45
                },
                "name" : "inside sadrzaj 8 to 10px top bottom",
                "meta" : [ {
                  "from" : {
                    "object" : "forma",
                    "edge" : "top"
                  },
                  "to" : {
                    "object" : "sadrzaj",
                    "edge" : "top"
                  },
                  "expectedDistance" : "8 to 10px",
                  "realDistance" : "10px"
                }, {
                  "from" : {
                    "object" : "forma",
                    "edge" : "bottom"
                  },
                  "to" : {
                    "object" : "sadrzaj",
                    "edge" : "bottom"
                  },
                  "expectedDistance" : "8 to 10px",
                  "realDistance" : "10px"
                } ],
                "highlight" : [ "forma", "sadrzaj" ]
              }, {
                "status" : "info",
                "place" : {
                  "filePath" : "mobileUnos.gspec",
                  "lineNumber" : 46
                },
                "name" : "below meni 18 to 20px",
                "meta" : [ {
                  "from" : {
                    "object" : "forma",
                    "edge" : "top"
                  },
                  "to" : {
                    "object" : "meni",
                    "edge" : "bottom"
                  },
                  "expectedDistance" : "18 to 20px",
                  "realDistance" : "19px"
                } ],
                "highlight" : [ "forma", "meni" ]
              } ]
            }, {
              "name" : "labela",
              "specs" : [ {
                "status" : "info",
                "place" : {
                  "filePath" : "mobileUnos.gspec",
                  "lineNumber" : 48
                },
                "name" : "inside forma 0px top",
                "meta" : [ {
                  "from" : {
                    "object" : "labela",
                    "edge" : "top"
                  },
                  "to" : {
                    "object" : "forma",
                    "edge" : "top"
                  },
                  "expectedDistance" : "0px",
                  "realDistance" : "0px"
                } ],
                "highlight" : [ "labela", "forma" ]
              }, {
                "status" : "info",
                "place" : {
                  "filePath" : "mobileUnos.gspec",
                  "lineNumber" : 49
                },
                "name" : "inside forma 0px left",
                "meta" : [ {
                  "from" : {
                    "object" : "labela",
                    "edge" : "left"
                  },
                  "to" : {
                    "object" : "forma",
                    "edge" : "left"
                  },
                  "expectedDistance" : "0px",
                  "realDistance" : "0px"
                } ],
                "highlight" : [ "labela", "forma" ]
              }, {
                "status" : "info",
                "place" : {
                  "filePath" : "mobileUnos.gspec",
                  "lineNumber" : 50
                },
                "name" : "inside forma 126 to 128px right",
                "meta" : [ {
                  "from" : {
                    "object" : "labela",
                    "edge" : "right"
                  },
                  "to" : {
                    "object" : "forma",
                    "edge" : "right"
                  },
                  "expectedDistance" : "126 to 128px",
                  "realDistance" : "127px"
                } ],
                "highlight" : [ "labela", "forma" ]
              }, {
                "status" : "info",
                "place" : {
                  "filePath" : "mobileUnos.gspec",
                  "lineNumber" : 51
                },
                "name" : "inside forma 275 to 278px bottom",
                "meta" : [ {
                  "from" : {
                    "object" : "labela",
                    "edge" : "bottom"
                  },
                  "to" : {
                    "object" : "forma",
                    "edge" : "bottom"
                  },
                  "expectedDistance" : "275 to 278px",
                  "realDistance" : "277px"
                } ],
                "highlight" : [ "labela", "forma" ]
              }, {
                "status" : "info",
                "place" : {
                  "filePath" : "mobileUnos.gspec",
                  "lineNumber" : 52
                },
                "name" : "visible",
                "highlight" : [ "labela" ]
              }, {
                "status" : "info",
                "place" : {
                  "filePath" : "mobileUnos.gspec",
                  "lineNumber" : 53
                },
                "name" : "width 155px",
                "meta" : [ {
                  "from" : {
                    "object" : "labela",
                    "edge" : "left"
                  },
                  "to" : {
                    "object" : "labela",
                    "edge" : "right"
                  },
                  "expectedDistance" : "155px",
                  "realDistance" : "155px"
                } ],
                "highlight" : [ "labela" ]
              }, {
                "status" : "info",
                "place" : {
                  "filePath" : "mobileUnos.gspec",
                  "lineNumber" : 54
                },
                "name" : "height 23px",
                "meta" : [ {
                  "from" : {
                    "object" : "labela",
                    "edge" : "top"
                  },
                  "to" : {
                    "object" : "labela",
                    "edge" : "bottom"
                  },
                  "expectedDistance" : "23px",
                  "realDistance" : "23px"
                } ],
                "highlight" : [ "labela" ]
              } ]
            } ]
          } ],
          "objects" : {
            "meni" : {
              "area" : [ 8, 48, 452, 157 ]
            },
            "viewport" : {
              "area" : [ 0, 0, 468, 719 ]
            },
            "ul" : {
              "area" : [ 9, 99, 450, 90 ]
            },
            "logo" : {
              "area" : [ 9, 14, 450, 70 ]
            },
            "menu_item_1" : {
              "area" : [ 49, 99, 410, 18 ]
            },
            "forma" : {
              "area" : [ 167, 224, 282, 300 ]
            },
            "labela" : {
              "area" : [ 167, 224, 155, 23 ]
            },
            "sadrzaj" : {
              "area" : [ 8, 214, 452, 320 ]
            },
            "menu_item_2" : {
              "area" : [ 49, 171, 410, 18 ]
            }
          },
          "screenshot" : "layout-1-screenshot.png",
          "type" : "layout"
        }, {
          "name" : "Mutation testing: mobileUnos.gspec included tags: ",
          "status" : "error",
          "time" : 1573609688802,
          "mutationReport" : {
            "objectMutationStatistics" : {
              "meni" : {
                "passed" : 10,
                "failed" : 0,
                "failedMutations" : [ ]
              },
              "ul" : {
                "passed" : 10,
                "failed" : 0,
                "failedMutations" : [ ]
              },
              "logo" : {
                "passed" : 10,
                "failed" : 0,
                "failedMutations" : [ ]
              },
              "menu_item_1" : {
                "passed" : 9,
                "failed" : 1,
                "failedMutations" : [ "menu_item_1: move left edge right by 5px" ]
              },
              "forma" : {
                "passed" : 10,
                "failed" : 0,
                "failedMutations" : [ ]
              },
              "labela" : {
                "passed" : 10,
                "failed" : 0,
                "failedMutations" : [ ]
              },
              "sadrzaj" : {
                "passed" : 10,
                "failed" : 0,
                "failedMutations" : [ ]
              },
              "menu_item_2" : {
                "passed" : 9,
                "failed" : 1,
                "failedMutations" : [ "menu_item_2: decrease width by 5px" ]
              }
            },
            "totalPassed" : 78,
            "totalFailed" : 2,
            "failedRatio" : 2.5,
            "totalMutations" : 80
          },
          "type" : "mutation"
        } ],
        "time" : 1573609679128,
        "type" : "node"
      } ],
      "time" : 1573609668919,
      "type" : "node"
    } ]
  }
}